HTTP Code,Time
200,0.755327
200,0.736705
200,0.529329
200,0.540527
200,0.635581
200,0.519361
200,0.706751
200,0.556753
200,0.665073
200,0.533352
200,0.564771
200,0.538607
200,0.542450
200,0.531346
200,0.634171
200,0.641307
200,0.686972
200,0.560775
200,0.809997
200,0.543398
200,0.543213
200,0.548785
200,0.648831
200,0.535040
200,0.587168
200,0.657399
200,0.549118
200,0.676313
200,0.542812
200,0.538434
